"","Var1","Freq"
"1","M2",0.689795918367347
"2","M0",0.16530612244898
"3","M1",0.144897959183673
